ID	Name
1	mansoor
2	Jane Smith
3	Michael Johnson
4	Emily Davis
5	Christopher Brown
6	Amanda Wilson
7	James Taylor
8	Sarah Moore
9	David Anderson
10	Laura Thomas
11	William Martinez
12	Olivia Robinson
13	Robert White
14	Mia Harris
15	Charles Clark
16	Emma Lewis
17	Joseph Lee
18	Isabella Walker
19	Thomas Hall
20	Charlotte Young
21	Edward Allen
22	Amelia King
23	Mark Scott
24	Evelyn Wright
25	Anthony Baker
26	Avery Adams
27	George Nelson
28	Sofia Carter
29	Paul Mitchell
30	Grace Perez
31	Steven Roberts
32	Chloe Turner
33	Andrew Phillips
34	Harper Campbell
35	Patrick Evans
36	Aria Rivera
37	Daniel Stewart
38	Lily Morris
39	Joshua Bennett
40	Zoe Murphy
41	Matthew Cooper
42	Nora Richardson
43	Isaac Cox
44	Stella Howard
45	Kevin Ward
46	Zoey Rogers
47	Joshua Wood
48	Scarlett Morgan
49	Benjamin Bell
50	Amelia James
51	Caleb Murphy
52	Leah Bailey
53	Gary Brooks
54	Clara Hayes
55	Jayden Ross
56	Audrey Foster
57	Eli Jenkins
58	Savannah Simmons
59	Isaiah Price
60	Elizabeth Kelly
61	Jayce Sanders
62	Paige Hughes
63	Miles Barnes
64	Lila Bryant
65	Jaxon Sanders
66	Anna Peterson
67	Connor Hughes
68	Emily Bell
69	Harrison Bennett
70	Caroline Hughes
71	Ryan Morris
72	Sophie Davis
73	Sean Mitchell
74	Chloe Morris
75	Evan Parker
76	Zoey Long
77	Alex Murphy
78	Alexa Rogers
79	Adam Foster
80	Clara Reed
81	Michael Gray
82	Samantha Hughes
83	Jake Bell
84	Sophie Ward
85	Liam Martinez
86	Grace Ward
87	Elijah Coleman
88	Aria Cox
89	Aiden Turner
90	Allison Walker
91	Nathan Moore
92	Lily Brooks
93	Isaiah Edwards
94	Leah Foster
95	Caleb Barnes
96	Emma Sullivan
97	Oliver Price
98	Emily Simmons
99	William Foster
100	Chloe Young
